<?xml version="1.0" encoding="UTF-8"?>
<model package="GAuthx" baseClass="xPDOObject" platform="mysql" defaultEngine="MyISAM" version="1.1">
	<object class="UserHistory" table="userHistory" extends="xPDOSimpleObject">
		<field key="internalKey" dbtype="int" precision="11" attributes="unsigned" phptype="integer" null="false" index="index" />
		<field key="previousKey" dbtype="int" precision="55" attributes="unsigned" phptype="integer" null="false" index="index" />

		<index alias="internalKey" name="internalKey" primary="false" unique="false" type="BTREE" >
			<column key="internalKey" length="" collation="A" null="false" />
		</index>
		<index alias="previousKey" name="previousKey" primary="false" unique="false" type="BTREE" >
			<column key="previousKey" length="" collation="A" null="false" />
		</index>
	</object>
</model>